district,date,t_start,r,lower,upper
Kolkata,2020-05-10,4,0.8186345770896841,0.7201027261975739,0.923392515807307
Kolkata,2020-05-11,5,0.8024834536928744,0.7058955716078625,0.9051745869732791
Kolkata,2020-05-12,6,0.8392047828738137,0.7401038721437612,0.9444418659430298
Kolkata,2020-05-13,7,0.9261463677973965,0.8210145102969497,1.0375200581816153
Kolkata,2020-05-14,8,0.8293226325278955,0.7291141273530976,0.9358895699962083
Kolkata,2020-05-15,9,0.8634913383227932,0.7603589033366542,0.9730872168372232
Kolkata,2020-05-16,10,0.9195236590385035,0.8119387805320283,1.0337046892233743
Kolkata,2020-05-17,11,0.9623449696001452,0.8511684166286814,1.0802465832369976
Kolkata,2020-05-18,12,0.8899031528013174,0.7823745973334184,1.0042546125563272
Kolkata,2020-05-19,13,1.0093232860731318,0.8939504548753474,1.1315967314093662
Kolkata,2020-05-20,14,1.116754144219839,0.9945374282859476,1.2459509636704236
Kolkata,2020-05-21,15,1.0529957262108842,0.934280959830189,1.17870765801521
Kolkata,2020-05-22,16,0.9543117669556092,0.8418280571952036,1.0737464682300049
Kolkata,2020-05-23,17,0.8839680051575195,0.776094803138355,0.9987585937504893
Kolkata,2020-05-24,18,0.8539538862536294,0.7478164500190246,0.9670318801090516
Kolkata,2020-05-25,19,0.7120442648063042,0.6148841088395286,0.816226939481005
Kolkata,2020-05-26,20,0.7684847381842272,0.6664000054915082,0.8777380849043421
Kolkata,2020-05-27,21,0.9339992606476885,0.8193310132528494,1.0560681240877965
Kolkata,2020-05-28,22,1.1682584593596477,1.0376553205913643,1.30649087232265
Kolkata,2020-05-29,23,1.2626037119526716,1.1257345512101264,1.4072113855374295
Kolkata,2020-05-30,24,1.4618296279612402,1.314904387772438,1.6164241213075388
Kolkata,2020-05-31,25,1.475751154740761,1.3301488514904602,1.628806758228724
Kolkata,2020-06-01,26,1.3965361642503487,1.2582094987959849,1.5419729234323418
Kolkata,2020-06-02,27,1.4020228849179035,1.2669855369269376,1.5437997636175982
Kolkata,2020-06-03,28,1.4258131267576981,1.2930048057193675,1.5650206554341957
Kolkata,2020-06-04,29,1.398651816385179,1.27043130555825,1.5329481003452705
Kolkata,2020-06-05,30,1.415083803341735,1.289371383154972,1.5465600660463534
Kolkata,2020-06-06,31,1.4617289635097512,1.3371248320410956,1.5918045733217348
Kolkata,2020-06-07,32,1.2704744770330145,1.1574900576648015,1.3886448749772422
Kolkata,2020-06-08,33,1.280680809673665,1.1701123189033797,1.3961694771644084
Kolkata,2020-06-09,34,1.3216849394830188,1.211644530923916,1.436439729055404
Kolkata,2020-06-10,35,1.2915348646047367,1.1848851218824055,1.4027146742179821
Kolkata,2020-06-11,36,1.2907381465509984,1.1862166515902808,1.3996097124281581
Kolkata,2020-06-12,37,1.3227135710277078,1.2188948439257878,1.4307148075797873
Kolkata,2020-06-13,38,1.3354276579297406,1.2330906992864117,1.441785950653902
Kolkata,2020-06-14,39,1.334385848216045,1.234138778714815,1.4384916312110185
Kolkata,2020-06-15,40,1.2668174919620947,1.171216252627817,1.3661159174651207
Kolkata,2020-06-16,41,1.3141213135080105,1.2186954109041466,1.4130929321252779
Kolkata,2020-06-17,42,1.3215601055371815,1.227670299949806,1.4188602568117938
Kolkata,2020-06-18,43,1.3073949175292323,1.2158482467865959,1.4022172102714896
Kolkata,2020-06-19,44,1.2099108433639898,1.1236642809408908,1.299301047853834
Kolkata,2020-06-20,45,1.2008255635168594,1.1165218396345624,1.2881539061947327
Kolkata,2020-06-21,46,1.0946972577924647,1.0155362169251954,1.1767869437975078
Kolkata,2020-06-22,47,0.9724464439316776,0.8988932557368347,1.048850879616003
Kolkata,2020-06-23,48,0.8101085864205185,0.7436332966534945,0.879388979689741
Kolkata,2020-06-24,49,0.8444929486123387,0.776637274264905,0.9151498951095952
Kolkata,2020-06-25,50,0.9102395607725344,0.8392583603928122,0.9840610705292824
Kolkata,2020-06-26,51,0.9294183712383237,0.8570582858444296,1.004669088331864
Kolkata,2020-06-27,52,1.036107854116543,0.9590721693482039,1.1160770129517665
Kolkata,2020-06-28,53,1.1871263384894641,1.1041626058835954,1.273052610329714
Kolkata,2020-06-29,54,1.2241483849805943,1.1399479215178132,1.3113063723259257
Kolkata,2020-06-30,55,1.30895975814079,1.222530770216986,1.3982987939887142
Kolkata,2020-07-01,56,1.439696262904712,1.3501449668024528,1.5320823003688255
Kolkata,2020-07-02,57,1.497724421492402,1.408027993845242,1.5901513128349336
Kolkata,2020-07-03,58,1.4396173802442123,1.353846761987519,1.5279850355176794
Kolkata,2020-07-04,59,1.440447176374088,1.3570178063859444,1.52633020739836
Kolkata,2020-07-05,60,1.3774908221836797,1.2981633025905577,1.4591376503497238
Kolkata,2020-07-06,61,1.3539714572318504,1.277426126342633,1.432712574216951
Kolkata,2020-07-07,62,1.367673238910275,1.2926294169510149,1.4448046042331797
Kolkata,2020-07-08,63,1.4969001772518624,1.4201797278594346,1.5756104116976826
Kolkata,2020-07-09,64,1.503177123705971,1.4281841175521521,1.5800620509217922
Kolkata,2020-07-10,65,1.540739326136622,1.4669534222271001,1.616310247288147
Kolkata,2020-07-11,66,1.5636454754937477,1.4915602379080932,1.6374078943941313
Kolkata,2020-07-12,67,1.5988424810794706,1.5282817783976526,1.6709732116539344
Kolkata,2020-07-13,68,1.5320433901358637,1.4653140991327283,1.6002376248300147
Kolkata,2020-07-14,69,1.5728377164113743,1.5075438529321377,1.6394963703571832
Kolkata,2020-07-15,70,1.5023388775973667,1.4406802085945982,1.565271404148614
Kolkata,2020-07-16,71,1.4553085885775938,1.3966611771413666,1.5151452640751772
Kolkata,2020-07-17,72,1.4288040314985828,1.3725195078831436,1.4862037226809877
Kolkata,2020-07-18,73,1.4735830434730224,1.4180793605357565,1.5301372877493358
Kolkata,2020-07-19,74,1.4634045350110099,1.4096494068870726,1.5181514572301125
Kolkata,2020-07-20,75,1.4883755294172354,1.4357174295362554,1.5419687441486651
Kolkata,2020-07-21,76,1.4746009760701209,1.4237104111544614,1.5263727024800702
Kolkata,2020-07-22,77,1.4444653160089738,1.3955907342162144,1.4941693004998449
Kolkata,2020-07-23,78,1.4214231106339352,1.3743565168170617,1.469271060797642
Kolkata,2020-07-24,79,1.3566650178130346,1.3119799687398177,1.4020879036547367
Kolkata,2020-07-25,80,1.3157614009363674,1.2729208102357925,1.3593011232739705
Kolkata,2020-07-26,81,1.2524919054974029,1.2116943121361305,1.2939555726615548
Kolkata,2020-07-27,82,1.152813743122599,1.11450891837987,1.1917567139683998
Kolkata,2020-07-28,83,1.1073611354307598,1.0704756094460117,1.1448627073514355
Kolkata,2020-07-29,84,1.0755721082954945,1.0396879333209619,1.1120565836244818
Kolkata,2020-07-30,85,1.062697267551271,1.02736115663971,1.0986225008861006
Kolkata,2020-07-31,86,1.0548372501039671,1.0198739261204852,1.0903815984042247
Kolkata,2020-08-01,87,1.0926187688672488,1.0572204174639177,1.1285918808451996
Kolkata,2020-08-02,88,1.06108880507278,1.026380544898842,1.0963661439108903
Kolkata,2020-08-03,89,1.0697486085399528,1.035086424192453,1.1049736791663038
Kolkata,2020-08-04,90,1.0501148382467547,1.01594258665135,1.0848444444611194
Kolkata,2020-08-05,91,1.0388964752212921,1.0050657739221505,1.0732793504813047
Kolkata,2020-08-06,92,1.020967283256314,0.9875620185655337,1.0549204190326853
Kolkata,2020-08-07,93,1.0049877769298838,0.9719471612905203,1.0385729335013856
Kolkata,2020-08-08,94,0.9803663617487453,0.947800923760592,1.0134741697027867
Kolkata,2020-08-09,95,0.9490555638597462,0.9170444019933053,0.981608220484446
Kolkata,2020-08-10,96,0.9370481260674713,0.905217785297006,0.969420787882211
Kolkata,2020-08-11,97,0.9506658990927372,0.9185235364116433,0.9833533019705468
Kolkata,2020-08-12,98,0.9411023186024347,0.9090125248168666,0.9737409720519332
Kolkata,2020-08-13,99,0.942733751065163,0.9104996556108153,0.9755207215448312
Kolkata,2020-08-14,100,0.9502139804098325,0.9177241198187809,0.9832611028766632
Kolkata,2020-08-15,101,0.9735392100033422,0.9405192855643177,1.0071208586755538
Kolkata,2020-08-16,102,0.9362317553266818,0.9037427873446987,0.9692864230345503
Kolkata,2020-08-17,103,0.9206376386487144,0.8883250444466361,0.9535194000715019
Kolkata,2020-08-18,104,0.9081734957541444,0.8759525457860569,0.9409682673133768
Kolkata,2020-08-19,105,0.9332422083967394,0.9004074607520285,0.9666567541753818
Kolkata,2020-08-20,106,0.9168001259550886,0.8840723460539873,0.9501144163911576
Kolkata,2020-08-21,107,0.8952727045793565,0.8627591213061134,0.9283792520864574
Kolkata,2020-08-22,108,0.8959850535834033,0.8632637139172188,0.9293065440978474
Kolkata,2020-08-23,109,0.8966132974380719,0.8636546956954694,0.9301804323523133
Kolkata,2020-08-24,110,0.8443472788734854,0.8121394839446816,0.8771726056973074
Kolkata,2020-08-25,111,0.8441765970818162,0.8117135751989681,0.8772672027800515
Kolkata,2020-08-26,112,0.8922378341453738,0.8585239857055359,0.9265918815771417
Kolkata,2020-08-27,113,0.9298907488440824,0.8951111325125494,0.9653239646238315
Kolkata,2020-08-28,114,0.8984053441156207,0.8639305541893583,0.9335451620619591
Kolkata,2020-08-29,115,0.9129965046743843,0.8779956487766811,0.9486718715481829
Kolkata,2020-08-30,116,0.8852602901954527,0.85055690719605,0.9206478447874427
Kolkata,2020-08-31,117,0.85758491639322,0.8231936043745,0.8926701533364605
Kolkata,2020-09-01,118,0.8642118329659251,0.8294072865913451,0.899721692066197
Kolkata,2020-09-02,119,0.8677224393935057,0.8325203654778545,0.903643219052691
Kolkata,2020-09-03,120,0.8856163467562986,0.8497038843819972,0.9222616949102801
Kolkata,2020-09-04,121,0.9004239770652327,0.8638635981354185,0.9377314539840056
Kolkata,2020-09-05,122,0.9582279339140066,0.920168907883909,0.997047379770918
Kolkata,2020-09-06,123,0.968419458644204,0.9298756359548778,1.0077350218373986
Kolkata,2020-09-07,124,1.004750031294977,0.9652906978505564,1.0449887455116948
Kolkata,2020-09-08,125,0.9728395121070222,0.9339002203711259,1.012562973722502
Kolkata,2020-09-09,126,1.0307187497165633,0.9905638278204842,1.071660311427353
Kolkata,2020-09-10,127,1.0052030991700047,0.9655081076844424,1.0456865401142963
Kolkata,2020-09-11,128,1.0053294785719302,0.9656457608498527,1.0458010923982182
Kolkata,2020-09-12,129,1.04155384923595,1.0011696702073576,1.082725324739291
Kolkata,2020-09-13,130,1.1068496920679123,1.0652368028160677,1.1492487288068127
Kolkata,2020-09-14,131,1.1005995009965772,1.0592139068709938,1.1427670965746803
Kolkata,2020-09-15,132,1.091493083222575,1.050495584808564,1.1332643713529829
Kolkata,2020-09-16,133,1.0502610170395958,1.0102978028010756,1.0909885265755785
Kolkata,2020-09-17,134,1.0094315300720322,0.9704847134098049,1.04913382589497
Kolkata,2020-09-18,135,0.9822935517399213,0.9440328180338454,1.0213036654549545
Kolkata,2020-09-19,136,0.9747586788659648,0.9367155033835467,1.0135484930080454
Kolkata,2020-09-20,137,0.9853884537865837,0.9471366063579955,1.0243869305956732
Kolkata,2020-09-21,138,1.0084727392431556,0.9697368050933954,1.0479566381748677
Kolkata,2020-09-22,139,1.033267524315553,0.9940255061434562,1.0732585937246755
Kolkata,2020-09-23,140,1.0986693104571754,1.058204255146209,1.139882985157356
Kolkata,2020-09-24,141,1.1191111986785678,1.078355367549098,1.1606124184590896
Kolkata,2020-09-25,142,1.177230097414777,1.1356280268887633,1.219570083504357
Kolkata,2020-09-26,143,1.2134030560424174,1.171474321632455,1.2560587051496392
Kolkata,2020-09-27,144,1.2185977702564892,1.1770141670808334,1.2608931667525134
Kolkata,2020-09-28,145,1.1723291007395586,1.1320650503310317,1.2132869031076148
Kolkata,2020-09-29,146,1.1712006693635784,1.1314885719192636,1.2115881286802945
Kolkata,2020-09-30,147,1.1355432735893956,1.0969234814329907,1.1748218770555803
Kolkata,2020-10-01,148,1.1099922341082706,1.0722471622304406,1.1483810961031387
Kolkata,2020-10-02,149,1.1230597197059629,1.085464694584244,1.161285825590409
Kolkata,2020-10-03,150,1.1078690711515369,1.070853264550953,1.1455050309146735
Kolkata,2020-10-04,151,1.11321379957409,1.0764162058983733,1.1506212034280674
Kolkata,2020-10-05,152,1.0947140270814923,1.0585123726650927,1.1315158783314312
Kolkata,2020-10-06,153,1.1008295750551165,1.0648011539852813,1.1374490577562932
Kolkata,2020-10-07,154,1.096950932614855,1.0612396780251245,1.1332448901494256
Kolkata,2020-10-08,155,1.1223652640283366,1.086489012023586,1.158816127330595
Kolkata,2020-10-09,156,1.1085828926554362,1.0731803956420216,1.1445518731752167
Kolkata,2020-10-10,157,1.125166097475524,1.0897698140582288,1.161120184777869
Kolkata,2020-10-11,158,1.11210109840714,1.0771837504056152,1.147567617462104
Kolkata,2020-10-12,159,1.0825052168992169,1.048335460560872,1.1172153045008588
Kolkata,2020-10-13,160,1.0557945662689063,1.0223055919198516,1.0898157278418106
Kolkata,2020-10-14,161,1.0487930841927955,1.0156223684420165,1.0824893811905592
Kolkata,2020-10-15,162,1.0389752331609814,1.0061193427099697,1.0723516471413097
Kolkata,2020-10-16,163,1.037398969692153,1.0046957285031297,1.0706186665531146
Kolkata,2020-10-17,164,1.048826268621362,1.0160478370913475,1.0821178098807034
Kolkata,2020-10-18,165,1.0653715120418636,1.032432751086664,1.098820281298039
Kolkata,2020-10-19,166,1.0620796818190403,1.0293042761591644,1.095361599907165
Kolkata,2020-10-20,167,1.0601384437844976,1.0275246233612396,1.0932546886161525
Kolkata,2020-10-21,168,1.077028104124388,1.0442905110497946,1.1102639108366226
Kolkata,2020-10-22,169,1.0910826200164492,1.0582736576290717,1.1243854435056901
Kolkata,2020-10-23,170,1.101455761905492,1.068656085619164,1.1347442992449093
Kolkata,2020-10-24,171,1.1104441681265593,1.077702596888633,1.1436688551611174
Kolkata,2020-10-25,172,1.1211940090064867,1.0885095996130039,1.1543551524346032
Kolkata,2020-10-26,173,1.1081077705011364,1.0758515275499154,1.1408338123074226
Kolkata,2020-10-27,174,1.093459541160568,1.0616649979732982,1.1257166376257435
Kolkata,2020-10-28,175,1.0760913883015637,1.0447845040305133,1.1078539876354518
Kolkata,2020-10-29,176,1.061530984239565,1.030644280436283,1.0928673374286246
Kolkata,2020-10-30,177,1.0423708865393881,1.0119401778318273,1.0732461106311446
Kolkata,2020-10-31,178,1.04165206242491,1.0113739926646803,1.0723704749577159
Kolkata,2020-11-01,179,1.036214619893588,1.00612790962179,1.0667383989741093
Kolkata,2020-11-02,180,1.0275060938267797,0.9976425176490367,1.0578039358700693
Kolkata,2020-11-03,181,1.0179784866624677,0.9883359637847282,1.0480528867135226
Kolkata,2020-11-04,182,1.0166829662111647,0.9871241330358108,1.0466717787576543
Kolkata,2020-11-05,183,0.9961010800473784,0.9668936028794898,1.025737103506051
Kolkata,2020-11-06,184,0.9829420052270175,0.95396315257474,1.0123484037064856
Kolkata,2020-11-07,185,0.9755024717746353,0.9466408071078718,1.004791488277517
Kolkata,2020-11-08,186,0.9623454263368462,0.9336615503291731,0.991457223900815
Kolkata,2020-11-09,187,0.9576046368266039,0.9289517044433032,0.9866867069522507
Kolkata,2020-11-10,188,0.9649776724180439,0.9361514661939877,0.9942348929987717
Kolkata,2020-11-11,189,0.968384965222139,0.9394332515997212,0.9977699301862148
Kolkata,2020-11-12,190,0.9769551901865665,0.9478018715847396,1.0065439489415111
Kolkata,2020-11-13,191,0.987440227597855,0.9580630737782372,1.0172548188298158
Kolkata,2020-11-14,192,0.9852644448412193,0.9558666021776092,1.0151013278863457
Kolkata,2020-11-15,193,0.9516637240778373,0.9227367354287889,0.9810309350794578
Kolkata,2020-11-16,194,0.9287562810272787,0.9001380503142808,0.9578161073052538
Kolkata,2020-11-17,195,0.9071505784261128,0.8787889620463457,0.9359563376691802
Kolkata,2020-11-18,196,0.9234468891503541,0.8947044682276214,0.952637378375625
Kolkata,2020-11-19,197,0.9447208916932119,0.9154866939174082,0.9744081420672086
Kolkata,2020-11-20,198,0.995241122815535,0.9650698637978167,1.025870302208254
Kolkata,2020-11-21,199,1.0428154111429604,1.0118015965092675,1.0742908705932772
Kolkata,2020-11-22,200,1.076954120319305,1.0453865596259373,1.1089846967252006
Kolkata,2020-11-23,201,1.06732153621928,1.0359407362196285,1.0991640398642892
Kolkata,2020-11-24,202,1.0561383179028123,1.0250333954033586,1.0877016767133867
Kolkata,2020-11-25,203,1.047555217992991,1.0167030811873945,1.0788620654569279
Kolkata,2020-11-26,204,1.0382822910274943,1.007685853536856,1.069329931042833
Kolkata,2020-11-27,205,1.0344625104078806,1.0040271095955942,1.0653460146263265
Kolkata,2020-11-28,206,1.038450905057616,1.0080461763259632,1.069301084791382
Kolkata,2020-11-29,207,1.0232702265256348,0.993170950337381,1.0538125552736948
Kolkata,2020-11-30,208,0.9845880013211453,0.9551415115648981,1.0144753039215006
Kolkata,2020-12-01,209,0.9633114083287976,0.9342340004952798,0.9928282033211534
Kolkata,2020-12-02,210,0.9514885499398158,0.9225878888648654,0.9808287083940683
Kolkata,2020-12-03,211,0.9276540975014775,0.8990733878001804,0.9566757680318281
Kolkata,2020-12-04,212,0.9256362815761073,0.897003439664703,0.95471268694717
Kolkata,2020-12-05,213,0.9457668736223563,0.916700398651213,0.9752806743324338
Kolkata,2020-12-06,214,0.9572425643400579,0.9278634105075709,0.9870732315569396
Kolkata,2020-12-07,215,0.9055913475047633,0.8769045387253457,0.934733420158392
Kolkata,2020-12-08,216,0.8975793832314681,0.8689037524534223,0.9267140466488021
Kolkata,2020-12-09,217,0.8978316481610602,0.8689891724430138,0.9271384248302365
Kolkata,2020-12-10,218,0.8687564702994989,0.8401987317042819,0.8977847998730115
Kolkata,2020-12-11,219,0.8468037185322136,0.8184021567330885,0.8756829667261995
Kolkata,2020-12-12,220,0.8797587710441637,0.8505479646391629,0.9094558620262041
Kolkata,2020-12-13,221,0.8863573841812173,0.8567470009821656,0.916463778115199
Kolkata,2020-12-14,222,0.8096628117907266,0.7811109800532143,0.8387199854349069
Kolkata,2020-12-15,223,0.7930925768733361,0.7645652486679059,0.8221351049704662
Kolkata,2020-12-16,224,0.7760457987009161,0.7474836295814372,0.8051359958912725
Kolkata,2020-12-17,225,0.7590306009904372,0.7303823090043303,0.7882222781071553
Kolkata,2020-12-18,226,0.7620514034638236,0.7328878586301389,0.7917759736029029
Kolkata,2020-12-19,227,0.8305009023770556,0.7995182580147742,0.8620642706163723
Kolkata,2020-12-20,228,0.8481578559073266,0.8163120585004964,0.880604486226516
Kolkata,2020-12-21,229,0.7906998922097549,0.75951385923706,0.8225045881176909
Kolkata,2020-12-22,230,0.7667427513104643,0.7356237875674431,0.7984973385078339
Kolkata,2020-12-23,231,0.727567271463394,0.696807683367205,0.7589818918099817
Kolkata,2020-12-24,232,0.7016044468760774,0.6708918334315088,0.7329947781643041
Kolkata,2020-12-25,233,0.6844316782636679,0.6535124904952863,0.7160554705323556
Kolkata,2020-12-26,234,0.7023144066380643,0.6703110684430159,0.7350535553384508
Kolkata,2020-12-27,235,0.7058255104445784,0.6730004391412826,0.739421183474461
Kolkata,2020-12-28,236,0.6481892246935421,0.6160196580170829,0.6811660304257073
Kolkata,2020-12-29,237,0.6234949866240778,0.591201809341254,0.6566347799139358
Kolkata,2020-12-30,238,0.6471774437651008,0.6134058807708289,0.6818412104483156
Kolkata,2020-12-31,239,0.6994647999227438,0.663351624670113,0.736521659230039
Kolkata,2021-01-01,240,0.7207571695141058,0.6830783026411165,0.7594333065252514
Kolkata,2021-01-02,241,0.7644782070266977,0.7246712182212499,0.8053345292330883
Kolkata,2021-01-03,242,0.7565896941949551,0.7160771705907748,0.7982012463738768
Kolkata,2021-01-04,243,0.6834093695420301,0.6441387872672619,0.7238255305689476
Kolkata,2021-01-05,244,0.6535600133817033,0.614382157738701,0.6939316556290153
Kolkata,2021-01-06,245,0.6746920112689418,0.63395625687081,0.7166782383662998
Kolkata,2021-01-07,246,0.7297926709874375,0.6863329021622226,0.7745677166367282
Kolkata,2021-01-08,247,0.7992902578370595,0.7526434894536596,0.8473196753393537
Kolkata,2021-01-09,248,0.8669494768875544,0.8172619723424386,0.9180825479095127
Kolkata,2021-01-10,249,0.9239098208777218,0.8716775654833062,0.9776404153454592
Kolkata,2021-01-11,250,0.8664287210120334,0.8152145786880775,0.919180979912623
Kolkata,2021-01-12,251,0.8752132887942171,0.823239477363073,0.9287555097488505
Kolkata,2021-01-13,252,0.8342391624661926,0.7830246882261035,0.8870530183933548
Kolkata,2021-01-14,253,0.821954054410921,0.7706167815217816,0.8749233136808815
Kolkata,2021-01-15,254,0.7882015099921426,0.7373741780927512,0.8406988358807352
Kolkata,2021-01-16,255,0.796241421454951,0.7444956307643298,0.8497010775104923
Kolkata,2021-01-17,256,0.7461619607150888,0.6953766989346651,0.7987116819943691
Kolkata,2021-01-18,257,0.6939699146363272,0.6442665890596974,0.7454938223649608
Kolkata,2021-01-19,258,0.6659625066934104,0.6164111766732502,0.7174021613185255
Kolkata,2021-01-20,259,0.6099309383470868,0.5615407595165489,0.6602925402413743
Kolkata,2021-01-21,260,0.5828773157065449,0.5344374641954978,0.633388459679543
Kolkata,2021-01-22,261,0.5370731205906136,0.48931073277002934,0.5870277993603562
Kolkata,2021-01-23,262,0.5710624080144521,0.520223789035244,0.6242370934303385
Kolkata,2021-01-24,263,0.5961371888773817,0.542381489010256,0.6523964053960385
Kolkata,2021-01-25,264,0.5937517231844576,0.5382535440810686,0.6519338025557841
Kolkata,2021-01-26,265,0.6143341867939376,0.555952736276778,0.6755885510960284
Kolkata,2021-01-27,266,0.6244434392677005,0.5636185365672639,0.6883402011055203
Kolkata,2021-01-28,267,0.6628620896923825,0.5981309342355249,0.7308711240336266
Kolkata,2021-01-29,268,0.6428143290421643,0.5771349284701665,0.71198208446887
Kolkata,2021-01-30,269,0.703292867815787,0.6325109725831449,0.7777747226956118
Kolkata,2021-01-31,270,0.69900522687202,0.6264633738743671,0.775463789173941
Kolkata,2021-02-01,271,0.6690018145134542,0.5962514531069503,0.7458792017354122
Kolkata,2021-02-02,272,0.632757109043067,0.5603015644212995,0.7095544031478852
Kolkata,2021-02-03,273,0.6477180411425999,0.5724846278112782,0.7275284935788302
Kolkata,2021-02-04,274,0.6593550510062138,0.5813464559021888,0.742203458478868
Kolkata,2021-02-05,275,0.6650405649893584,0.5845246897199636,0.750676039907672
Kolkata,2021-02-06,276,0.7372333866297054,0.6500109703200079,0.8298672595707455
Kolkata,2021-02-07,277,0.7532550850051848,0.6627680449896073,0.849448063333066
Kolkata,2021-02-08,278,0.7325645075284699,0.6413250412511091,0.8297835881463909
Kolkata,2021-02-09,279,0.7318766845135823,0.6387620939412577,0.8312342866582622
Kolkata,2021-02-10,280,0.7672092278397535,0.6698109783475007,0.8711225428895477
Kolkata,2021-02-11,281,0.878824458878712,0.7722161035611426,0.9922257655198011
Kolkata,2021-02-12,282,0.9412754655469356,0.8288527619873107,1.06074384582168
Kolkata,2021-02-13,283,1.065013264562905,0.9436984943552666,1.193557211529603
Kolkata,2021-02-14,284,1.1108792650092962,0.9860627414000547,1.243026162435993
Kolkata,2021-02-15,285,1.0532062523262764,0.9317497605809042,1.1819957099842964
Kolkata,2021-02-16,286,0.9842518187812308,0.8673650024491828,1.108419688339236
Kolkata,2021-02-17,287,0.932965134126598,0.8195649693224197,1.0536062817188443
Kolkata,2021-02-18,288,1.009776781486273,0.8916322277415049,1.1351649126491252
Kolkata,2021-02-19,289,1.06007274680896,0.9386862825384992,1.1887330452800577
Kolkata,2021-02-20,290,1.1603248898451406,1.0331358896254,1.2947903349184349
Kolkata,2021-02-21,291,1.1984435868821124,1.0695383217695933,1.3345771905608488
Kolkata,2021-02-22,292,1.194379382224252,1.0666987653550422,1.3291732310408044
Kolkata,2021-02-23,293,1.1094676962881882,0.987853406788782,1.238039503099765
Kolkata,2021-02-24,294,1.109904726257019,0.9895884885104624,1.2370235829856544
Kolkata,2021-02-25,295,1.1500402252498414,1.0285747791620794,1.2781867969805032
Kolkata,2021-02-26,296,1.168910768674299,1.047427837362977,1.2969628442685106
Kolkata,2021-02-27,297,1.2181456451402142,1.0952142894905763,1.3475213487180764
Kolkata,2021-02-28,298,1.2145425756824877,1.0931245972843038,1.342262640365312
Kolkata,2021-03-01,299,1.141006939782625,1.0249092755810603,1.2632437352833326
Kolkata,2021-03-02,300,1.0863803066983388,0.9745977874296603,1.2041439481396954
Kolkata,2021-03-03,301,1.0670983904590112,0.9574547818889605,1.182599938302816
Kolkata,2021-03-04,302,1.0693887467229564,0.9604275349851622,1.1841201408287327
Kolkata,2021-03-05,303,1.0810652089393835,0.9721155696682628,1.1957180728164305
Kolkata,2021-03-06,304,1.1321864051226063,1.0211995382083041,1.2488161698937974
Kolkata,2021-03-07,305,1.095141616803212,0.9866680291292356,1.2091908277512753
Kolkata,2021-03-08,306,1.0676658213411705,0.9613556045704741,1.1794708481912186
Kolkata,2021-03-09,307,1.0279612059362844,0.9243633825622976,1.1369821005507057
Kolkata,2021-03-10,308,1.0234249980837888,0.9205628308499804,1.1316563993568343
Kolkata,2021-03-11,309,1.0310740961633276,0.9281346769566641,1.139348995303533
Kolkata,2021-03-12,310,1.0852344242935148,0.9797919359722844,1.1959879815173848
Kolkata,2021-03-13,311,1.14898833874667,1.0407060363093623,1.262552571289322
Kolkata,2021-03-14,312,1.2116811325833599,1.100972105224442,1.3276177646475704
Kolkata,2021-03-15,313,1.231475593940472,1.1207881174770116,1.3473005631957158
Kolkata,2021-03-16,314,1.2258220104028705,1.1166936607713862,1.3399648761636869
Kolkata,2021-03-17,315,1.2254295113589437,1.1178015886796735,1.3379334580513769
Kolkata,2021-03-18,316,1.2026744468174135,1.0975829102458607,1.312501726582508
Kolkata,2021-03-19,317,1.1826968948043246,1.0799750965596693,1.29001840285376
Kolkata,2021-03-20,318,1.2214775736748082,1.1184426027311993,1.3289874578489178
Kolkata,2021-03-21,319,1.3297753410987736,1.2235623084942837,1.4403459648931536
Kolkata,2021-03-22,320,1.3611029074029903,1.255219057292568,1.4712130544964872
Kolkata,2021-03-23,321,1.4252818715752837,1.3189201749250288,1.5357092720212495
Kolkata,2021-03-24,322,1.4794098016384956,1.3733798226399805,1.5893262925412979
Kolkata,2021-03-25,323,1.486434409992818,1.3828209140464691,1.5937379399937588
Kolkata,2021-03-26,324,1.5524626561313544,1.4494791026480818,1.6589303192192524
Kolkata,2021-03-27,325,1.7474471942829854,1.6413267426403804,1.856844837775171
Kolkata,2021-03-28,326,1.8537176993357154,1.7480694356100248,1.9624219147896966
Kolkata,2021-03-29,327,1.8052393842850192,1.7052687861337779,1.9080174320722254
Kolkata,2021-03-30,328,1.7751283802224151,1.6805053875079323,1.8723064279237973
Kolkata,2021-03-31,329,1.788355881329459,1.6976965158789914,1.8813402473614749
Kolkata,2021-04-01,330,1.7468165324851366,1.6612532512159235,1.8344981572117263
Kolkata,2021-04-02,331,1.817787566067555,1.7343819687845625,1.9031243505583502
Kolkata,2021-04-03,332,1.9400517984509391,1.8576823160682676,2.0241829897687103
Kolkata,2021-04-04,333,2.0714176387037884,1.9902808300810344,2.154152729883981
Kolkata,2021-04-05,334,2.031366981543343,1.9551939023745482,2.108975318902379
Kolkata,2021-04-06,335,1.9321560598294052,1.8620345937634672,2.0035554597954395
Kolkata,2021-04-07,336,1.8479262571542812,1.7831618374367888,1.9138297773155453
Kolkata,2021-04-08,337,1.7596067449930897,1.6997261965971928,1.8205094215412247
Kolkata,2021-04-09,338,1.7634872920831557,1.7064563447177186,1.8214425664771559
Kolkata,2021-04-10,339,1.7788733595276813,1.7242028276834978,1.8343852571060795
Kolkata,2021-04-11,340,1.835394182240838,1.7823429721935833,1.889212546486984
Kolkata,2021-04-12,341,1.8160968093193754,1.7657264192662663,1.8671657156442072
Kolkata,2021-04-13,342,1.8349221753915403,1.7866580855531857,1.8838205459341246
Kolkata,2021-04-14,343,1.8520855418324549,1.8058735356632607,1.8988732577386065
Kolkata,2021-04-15,344,1.849200086124145,1.8052225350340845,1.8936995253357123
Kolkata,2021-04-16,345,1.8576556372177115,1.8157011270026038,1.9000826778505624
Kolkata,2021-04-17,346,1.880586448590657,1.8404158130735118,1.9211847401964652
Kolkata,2021-04-18,347,1.8893668317273762,1.8510701063419552,1.9280502263972814
Kolkata,2021-04-19,348,1.8180190634627615,1.7823202309783275,1.854066959306636
Kolkata,2021-04-20,349,1.74500952043811,1.7117662631205024,1.7785680432900772
Kolkata,2021-04-21,350,1.6931911616695428,1.6619893081884016,1.7246791603375784
Kolkata,2021-04-22,351,1.6357080905630497,1.6063970261267084,1.6652804784931112
Kolkata,2021-04-23,352,1.582565615714701,1.554931627944765,1.6104396231879392
Kolkata,2021-04-24,353,1.550798997128041,1.524503462314838,1.577316259748407
Kolkata,2021-04-25,354,1.607565467389353,1.58175977282677,1.6335770721495755
Kolkata,2021-04-26,355,1.6283248877514207,1.6032639517821972,1.653577480961218
Kolkata,2021-04-27,356,1.6117494504145407,1.587720760062429,1.6359561037921844
Kolkata,2021-04-28,357,1.5804438055108008,1.5575318648221605,1.6035207228971071
Kolkata,2021-04-29,358,1.5416955989777223,1.519895614899744,1.5636486615771679
Kolkata,2021-04-30,359,1.44565865459282,1.425296269594565,1.466163462591398
